City,Cloudiness,Country,Date,Humidity (%),Latitude,Longitude,Max Temperature,Wind Speed (MPH)
Lüderitz,0,NA,1584841868,82,-26.65,15.16,60.8,17.22
Yellowknife,90,CA,1584841869,80,62.46,-114.35,30.2,18.34
Castro,42,BR,1584841869,98,-24.79,-50.01,60.01,8.3
Barrow,90,US,1584841869,77,71.29,-156.79,5.0,16.11
Zhigansk,0,RU,1584841869,82,66.77,123.37,-7.13,2.71
Saskylakh,100,RU,1584841869,74,71.92,114.08,-1.01,14.81
Ushuaia,40,AR,1584841590,80,-54.8,-68.3,41.0,13.87
Anadyr,100,RU,1584841869,48,64.75,177.48,19.4,2.24
Poya,0,NC,1584841869,77,-21.35,165.15,78.37,23.11
Mataura,48,NZ,1584841869,67,-46.19,168.86,57.0,13.0
Buckeye,1,US,1584841818,39,33.37,-112.58,70.0,6.93
Kaa-Khem,40,RU,1584841870,85,51.68,94.73,22.39,1.41
Puerto Ayora,100,EC,1584841589,82,-0.74,-90.35,79.0,4.0
Nipawin,1,CA,1584841871,78,53.37,-104.0,17.6,9.17
Flin Flon,100,CA,1584841871,95,54.77,-101.86,21.49,8.19
Buchanan,40,LR,1584841871,94,5.88,-10.05,77.0,1.59
Rikitea,22,PF,1584841871,75,-23.12,-134.97,78.91,6.82
Hasaki,20,JP,1584841871,30,35.73,140.83,71.6,23.04
Albany,1,US,1584841803,46,42.6,-73.97,34.0,6.49
Jamestown,1,US,1584841871,68,42.1,-79.24,28.4,10.29
Busselton,0,AU,1584841667,42,-33.65,115.33,73.0,14.9
Bulawayo,40,ZW,1584841872,66,-20.15,28.58,61.99,7.85
Bandarbeyla,22,SO,1584841872,80,9.49,50.81,82.15,8.72
Pincher Creek,90,CA,1584841872,59,49.48,-113.95,34.0,6.06
Tuktoyaktuk,90,CA,1584841872,85,69.45,-133.04,21.2,4.7
Cape Town,0,ZA,1584841735,88,-33.93,18.42,64.0,11.41
Nikolskoye,0,RU,1584841873,58,59.7,30.79,28.4,4.47
Laas,75,IT,1584841873,97,46.62,10.7,45.0,1.12
Avarua,100,CK,1584841823,70,-21.21,-159.78,84.2,5.82
Carnarvon,80,AU,1584841873,43,-24.87,113.63,87.8,13.87
Guerrero Negro,51,MX,1584841873,72,27.98,-114.06,60.01,16.35
Hithadhoo,0,MV,1584841873,66,-0.6,73.08,84.31,4.56
Bredasdorp,4,ZA,1584841874,93,-34.53,20.04,62.01,2.24
Souillac,20,MU,1584841874,88,-20.52,57.52,73.99,1.12
George Town,20,MY,1584841874,74,5.41,100.34,84.2,5.82
Dingle,78,PH,1584841874,55,11.0,122.67,87.91,11.12
Tilichiki,100,RU,1584841874,99,60.47,166.1,33.73,19.53
Bluff,97,NZ,1584841874,67,-46.6,168.33,57.0,13.0
Selikhino,100,RU,1584841874,81,50.37,137.5,27.61,3.36
Upernavik,100,GL,1584841874,99,72.79,-56.15,-6.05,7.09
Lewisporte,20,CA,1584841874,62,49.25,-55.05,23.0,23.04
Ancud,90,CL,1584841875,87,-41.87,-73.82,55.4,17.22
Dikson,83,RU,1584841875,98,73.51,80.55,-16.13,8.86
Atuona,100,PF,1584841875,76,-9.8,-139.03,82.51,10.27
Quatre Cocos,20,MU,1584841875,88,-20.21,57.76,73.99,1.12
Geraldton,0,AU,1584841875,38,-28.77,114.6,87.8,24.16
Airai,6,TL,1584841876,58,-8.93,125.41,79.99,6.44
Bubaque,79,GW,1584841876,63,11.28,-15.83,80.53,19.98
Seoul,1,KR,1584841633,43,37.57,126.98,55.4,3.36
Iqaluit,75,CA,1584841877,69,63.75,-68.51,-7.01,13.87
Tessalit,16,ML,1584841877,15,20.2,1.01,65.23,3.31
Bengkulu,86,ID,1584841877,61,-3.8,102.27,87.37,1.36
Punta Arenas,40,CL,1584841878,75,-53.15,-70.92,42.8,9.17
Port Alfred,2,ZA,1584841878,94,-33.59,26.89,64.0,1.01
Porto-Novo,20,BJ,1584841685,84,6.5,2.6,81.43,8.16
Cherskiy,100,RU,1584841878,72,68.75,161.3,7.45,5.46
Coquimbo,40,CL,1584841878,82,-29.95,-71.34,60.8,3.36
Alofi,71,NU,1584841878,94,-19.06,-169.92,77.0,5.82
Chui,0,UY,1584841878,77,-33.7,-53.46,65.77,6.24
Provideniya,79,RU,1584841878,78,64.38,-173.3,10.33,3.04
Tasiilaq,100,GL,1584841878,52,65.61,-37.64,11.59,6.73
Leningradskiy,100,RU,1584841879,77,69.38,178.42,1.15,5.48
Mahébourg,20,MU,1584841879,88,-20.41,57.7,73.99,1.12
Margate,0,GB,1584841879,69,51.38,1.39,44.6,13.87
Lata,90,PT,1584841879,100,40.16,-8.33,46.99,3.36
Kalianget,28,ID,1584841879,66,-7.05,113.93,85.75,1.41
Makakilo City,90,US,1584841879,94,21.35,-158.09,82.4,5.82
Ribeira Grande,40,PT,1584841880,62,38.52,-28.7,53.6,3.36
Toora-Khem,73,RU,1584841880,77,52.47,96.11,29.95,3.06
Hobart,40,AU,1584841854,76,-42.88,147.33,59.0,16.11
Hilo,90,US,1584841759,73,19.73,-155.09,75.2,5.82
Korla,3,CN,1584841880,22,41.76,86.15,44.35,3.78
Kutum,67,SD,1584841880,20,14.2,24.67,60.73,4.99
Saint-Philippe,61,RE,1584841880,68,-21.36,55.77,75.2,6.93
Hermanus,14,ZA,1584841591,88,-34.42,19.23,62.01,4.0
Sucúa,54,EC,1584841880,97,-2.47,-78.17,63.07,2.26
Pangody,31,RU,1584841880,96,65.85,74.49,-7.67,8.39
Kupino,100,RU,1584841881,90,54.37,77.3,31.39,29.97
Khovd,0,MN,1584841881,16,48.01,91.64,42.19,4.97
Tiksi,31,RU,1584841882,85,71.69,128.87,-5.87,8.77
Keflavik,40,IS,1584841882,86,64.0,-22.56,30.2,26.4
Newark,40,US,1584841825,24,40.74,-74.17,46.99,8.05
Pilar,47,BR,1584841882,88,-9.6,-35.96,78.8,5.82
Praia,20,CV,1584841882,77,14.92,-23.51,69.8,14.99
Sampit,46,ID,1584841882,57,-2.53,112.95,91.15,2.17
Vaini,75,TO,1584841882,88,-21.2,-175.2,78.8,11.41
Hong Kong,40,HK,1584841731,83,22.29,114.16,77.0,5.82
Takoradze,0,GH,1584841815,90,4.88,-1.76,78.01,2.48
Ahipara,4,NZ,1584841883,82,-35.17,173.17,68.83,14.85
Pathein,0,MM,1584841883,59,16.78,94.73,82.15,7.72
Mbumi,78,TZ,1584841883,97,-7.91,39.21,73.15,1.74
Alice Springs,0,AU,1584841668,22,-23.7,133.88,86.0,10.29
Beisfjord,100,NO,1584841883,69,68.38,17.6,37.4,29.97
Yangi Marg`ilon,47,UZ,1584841883,81,40.43,71.72,50.0,4.7
Tuatapere,100,NZ,1584841883,67,-46.13,167.68,57.0,13.0
Mount Gambier,40,AU,1584841884,55,-37.83,140.77,64.4,16.11
Bathsheba,40,BB,1584841884,74,13.22,-59.52,78.8,18.34
Mehamn,100,NO,1584841884,84,71.04,27.85,36.25,30.38
Butaritari,100,KI,1584841884,76,3.07,172.79,83.41,14.05
Caluquembe,100,AO,1584841772,97,-13.78,14.68,61.45,2.1
Disna,0,BY,1584841884,55,55.57,28.2,26.17,13.0
Tezu,0,IN,1584841884,30,27.92,96.17,76.57,3.04
Kapaa,90,US,1584841884,78,22.08,-159.32,79.0,5.82
Bambous Virieux,20,MU,1584841884,88,-20.34,57.76,73.99,1.12
Trairi,90,BR,1584841885,95,-3.28,-39.27,73.33,1.79
Northam,98,GB,1584841885,82,51.03,-4.22,45.0,1.01
Lompoc,75,US,1584841885,59,34.64,-120.46,61.0,5.82
Bayan,3,CN,1584841741,73,46.08,127.4,34.45,9.35
Salalah,75,OM,1584841885,88,17.02,54.09,78.8,13.87
Burdur,0,TR,1584841885,63,37.72,30.29,32.0,6.93
Harper,50,LR,1584841885,92,4.38,-7.72,76.57,2.13
Pangnirtung,40,CA,1584841885,76,66.15,-65.71,-9.4,2.24
Clyde River,1,CA,1584841885,83,70.47,-68.59,-11.2,3.36
Inuvik,90,CA,1584841885,74,68.35,-133.72,28.4,6.93
Thompson,75,CA,1584841886,41,55.74,-97.86,23.0,10.29
Kinshasa,20,CD,1584841279,88,-4.32,15.32,77.0,4.7
Constitución,100,CL,1584841886,91,-35.33,-72.42,51.37,7.05
San Patricio,5,MX,1584841886,74,19.22,-104.7,82.4,3.31
Senador José Porfírio,99,BR,1584841886,93,-2.59,-51.95,74.05,3.2
Mitsamiouli,66,KM,1584841886,76,-11.38,43.28,83.77,13.76
Pontes e Lacerda,88,BR,1584841661,98,-15.23,-59.34,71.35,2.53
Longyearbyen,90,SJ,1584841887,92,78.22,15.64,19.4,6.93
Ipswich,0,GB,1584841887,79,52.06,1.16,43.0,13.87
Sakakah,0,SA,1584841887,75,29.97,40.21,44.6,12.75
Cidreira,0,BR,1584841887,72,-30.18,-50.21,73.51,16.35
Saint Paul Harbor,40,US,1584841887,69,57.79,-152.41,37.4,19.46
Carbonia,96,IT,1584841887,100,39.17,8.52,55.99,5.82
San Angelo,90,US,1584841715,93,31.46,-100.44,46.4,3.36
Chokurdakh,21,RU,1584841889,83,70.63,147.92,2.59,3.27
Ljungby,0,SE,1584841889,68,56.83,13.94,28.4,3.36
Tempe,1,US,1584841637,32,33.41,-111.91,71.6,12.75
Sterling,90,US,1584841889,54,39.01,-77.43,51.01,9.17
Benguela,0,AO,1584841889,80,-12.58,13.41,75.31,2.28
Kaitangata,99,NZ,1584841890,73,-46.28,169.85,54.79,25.43
Erenhot,0,CN,1584841890,31,43.65,111.98,43.81,9.78
Broken Hill,59,AU,1584841890,43,-31.95,141.43,69.8,17.22
Taitung City,20,TW,1584841783,65,22.76,121.14,82.4,6.93
Bowen,93,AU,1584841890,66,-20.02,148.23,87.01,16.11
Pundaguitan,100,PH,1584841890,74,6.37,126.17,81.97,8.23
Karratha,0,AU,1584841890,67,-20.74,116.85,86.83,6.91
Kralendijk,0,BQ,1584841628,83,12.15,-68.27,77.0,9.17
Vaitape,3,PF,1584841890,68,-16.52,-151.75,84.31,8.48
Mar del Plata,33,AR,1584841830,72,-38.0,-57.56,72.0,6.93
Skjervøy,100,NO,1584841891,69,70.03,20.97,36.61,21.09
Khatanga,95,RU,1584841891,92,71.97,102.5,3.67,13.49
Hofn,98,IS,1584841892,61,64.25,-15.21,38.77,36.33
Portland,20,US,1584841629,44,45.52,-122.68,60.8,4.7
Narsaq,100,GL,1584841892,67,60.92,-46.05,23.0,50.55
Port Elizabeth,40,ZA,1584841892,87,-33.92,25.57,60.8,3.36
Kununurra,88,AU,1584841893,44,-15.77,128.73,93.2,8.05
Ponta do Sol,20,PT,1584841893,66,32.67,-17.1,57.0,1.12
Vao,1,NC,1584841893,72,-22.67,167.48,76.57,17.25
Batemans Bay,0,AU,1584841893,72,-35.72,150.18,75.0,5.01
Sochi,29,RU,1584841699,86,43.6,39.73,41.0,2.95
Hambantota,97,LK,1584841794,100,6.12,81.12,73.4,2.24
Beringovskiy,100,RU,1584841893,91,63.05,179.32,31.03,19.35
Marovoay,20,MG,1584841893,94,-16.1,46.63,75.2,3.36
East London,52,ZA,1584841894,81,-33.02,27.91,70.81,4.25
Fomboni,2,KM,1584841895,73,-12.28,43.74,84.13,9.8
Severo-Kuril'sk,100,RU,1584841895,85,50.68,156.12,28.33,24.14
Charter Township of Clinton,1,US,1584841796,58,42.59,-82.92,30.99,6.93
São Gabriel da Cachoeira,44,BR,1584841895,89,-0.13,-67.09,76.21,3.02
Hargeisa,65,SO,1584841896,69,9.56,44.06,70.63,16.78
Lebu,100,CL,1584841896,84,-37.62,-73.65,53.53,6.82
Arraial do Cabo,100,BR,1584841896,70,-22.97,-42.03,76.57,12.41
Valdepeñas,85,ES,1584841897,94,38.76,-3.38,43.0,1.99
Tautira,75,PF,1584841897,66,-17.73,-149.15,86.0,12.75
Saint Andrews,1,US,1584841897,56,34.05,-81.13,71.6,4.7
Samfya,100,ZM,1584841898,98,-11.36,29.56,63.43,2.06
Katsuura,100,JP,1584841898,46,35.13,140.3,69.8,25.28
Dibulla,0,CO,1584841899,82,11.27,-73.31,78.01,18.99
San Rafael,25,AR,1584841899,40,-34.62,-68.33,72.25,10.36
Viedma,100,AR,1584841899,18,-40.81,-63.0,73.51,11.41
Lincoln,90,US,1584841899,52,40.8,-96.67,42.8,10.29
Puerto Colombia,20,CO,1584841899,74,10.99,-74.95,78.8,17.22
Cockburn Town,0,TC,1584841899,71,21.46,-71.14,75.85,18.57
Merauke,69,ID,1584841900,60,-8.47,140.33,89.53,5.79
Luba,20,GQ,1584841900,94,3.46,8.55,80.6,3.36
Saint Anthony,40,US,1584841645,59,45.02,-93.22,34.0,9.17
Maltahöhe,62,NA,1584841900,34,-24.83,16.98,70.63,13.06
Jackson,1,US,1584841862,25,42.42,-122.83,66.2,8.05
Kearney,1,US,1584841658,65,40.7,-99.08,44.6,5.82
Buraidah,0,SA,1584841900,47,26.33,43.98,55.4,13.87
Portobelo,20,PA,1584841900,61,9.55,-79.65,80.6,9.17
Matagami,1,CA,1584841901,83,49.75,-77.63,-4.0,2.42
Bethel,1,US,1584841901,29,41.37,-73.41,44.6,3.36
Sierra Vista,1,US,1584841901,10,31.55,-110.3,64.4,13.87
Tiarei,75,PF,1584841902,66,-17.53,-149.33,86.0,12.75
Saint George,36,US,1584841604,53,37.1,-113.58,59.0,10.29
Necochea,21,AR,1584841902,61,-38.55,-58.74,71.01,13.0
Baruun-Urt,34,MN,1584841902,33,46.68,113.28,41.29,14.16
Siyabuswa,100,ZA,1584841902,81,-25.11,29.04,65.95,2.95
Gaoual,0,GN,1584841902,65,11.75,-13.2,69.19,2.44
Innisfail,79,AU,1584841903,81,-17.53,146.03,75.99,5.99
Maraã,35,BR,1584841903,88,-1.83,-65.37,76.93,1.52
Broome,1,US,1584841903,45,42.25,-75.83,28.99,13.87
Malanje,95,AO,1584841903,86,-9.54,16.34,64.33,3.42
Longido,72,TZ,1584841622,89,-2.73,36.68,58.75,4.21
Shahr-e Kord,75,IR,1584841904,100,32.33,50.86,33.8,2.24
Fortuna,1,US,1584841904,71,40.6,-124.16,55.99,8.05
Mount Isa,0,AU,1584841904,29,-20.73,139.5,89.6,17.22
Kattivākkam,40,IN,1584841904,88,13.22,80.32,81.0,2.24
Mandalgovi,0,MN,1584841904,25,45.76,106.27,44.71,14.52
Khanbari,8,NP,1584841904,62,27.37,87.2,48.31,3.13
Marathon,1,US,1584841904,53,44.9,-89.77,28.99,8.05
Vardø,100,NO,1584841904,96,70.37,31.11,35.89,29.04
Maniitsoq,0,GL,1584841904,46,65.42,-52.9,15.91,13.78
Pontianak,96,ID,1584841615,54,-0.03,109.33,92.23,1.12
Sloboda,100,RU,1584841905,96,51.14,40.3,34.27,13.91
Norman Wells,75,CA,1584841905,35,65.28,-126.83,39.2,2.44
Eureka,1,US,1584841643,71,40.8,-124.16,55.99,8.05
Beloha,0,MG,1584841905,91,-25.17,45.05,70.45,9.13
Chapais,1,CA,1584841665,60,49.78,-74.85,5.0,5.82
Mahon,81,ES,1584841906,93,39.89,4.27,57.2,5.82
Talnakh,100,RU,1584841906,83,69.49,88.4,-11.2,11.18
Virginia Beach,90,US,1584841906,76,36.85,-75.98,50.0,5.82
Qaanaaq,100,GL,1584841907,71,77.48,-69.36,-9.11,0.81
Kodinsk,100,RU,1584841907,97,58.69,99.18,33.19,8.68
Conde,20,BR,1584841907,88,-7.26,-34.91,78.8,2.24
Zhireken,2,RU,1584841907,69,52.82,117.31,28.69,5.7
Gijang,98,KR,1584841907,63,35.24,129.21,62.6,5.82
Karpogory,5,RU,1584841907,93,64.0,44.45,7.99,4.85
Los Llanos de Aridane,20,ES,1584841907,59,28.66,-17.92,62.6,3.36
Nanortalik,100,GL,1584841908,66,60.14,-45.24,26.17,19.13
Karacabey,64,TR,1584841908,67,40.22,28.4,43.0,3.36
Lavrentiya,82,RU,1584841909,77,65.58,-171.0,6.19,7.2
Le Port,28,RE,1584841909,69,-20.94,55.29,75.2,11.41
Haines Junction,100,CA,1584841909,95,60.75,-137.51,19.69,7.83
Llangefni,100,GB,1584841909,60,53.26,-4.31,39.2,4.7
Saldanha,0,ZA,1584841909,82,-33.01,17.94,60.8,4.7
Lleida,90,ES,1584841898,93,41.62,0.62,48.2,5.82
Strezhevoy,100,RU,1584841913,66,60.73,77.59,14.0,11.18
Avera,1,US,1584841914,68,33.19,-82.53,75.2,5.82
La Romana,20,DO,1584841914,69,18.43,-68.97,77.0,13.87
Dunedin,66,NZ,1584841814,56,-45.87,170.5,60.01,20.0
Shaowu,69,CN,1584841914,75,27.34,117.48,75.13,3.53
Puerto El Triunfo,40,SV,1584841914,66,13.28,-88.55,84.2,9.17
Ketchikan,1,US,1584841914,70,55.34,-131.65,44.6,3.36
Rocha,0,UY,1584841766,80,-34.48,-54.33,59.83,5.75
Camacha,40,PT,1584841914,67,33.08,-16.33,59.0,14.99
Ürümqi,0,CN,1584841914,75,43.8,87.6,41.0,4.47
Christchurch,0,NZ,1584841857,28,-43.53,172.63,80.6,8.05
Vila Velha,75,BR,1584841914,88,-20.33,-40.29,77.0,9.17
Sørland,100,NO,1584841915,79,67.67,12.69,38.23,37.56
Saint-Pierre,47,RE,1584841915,68,-21.34,55.48,75.2,6.93
Half Moon Bay,90,US,1584841915,82,37.46,-122.43,63.0,6.93
Noumea,20,NC,1584841915,51,-22.28,166.46,84.2,17.22
Ciudad Bolivar,23,VE,1584841915,63,8.12,-63.55,80.35,16.17
Novikovo,100,RU,1584841916,96,51.15,37.89,31.93,19.75
Port Lincoln,36,AU,1584841917,58,-34.73,135.87,66.31,13.51
Faya,40,SA,1584841917,82,18.39,42.45,60.8,12.75
Srikakulam,0,IN,1584841917,61,18.3,83.9,83.41,6.93
Grand Gaube,20,MU,1584841917,88,-20.01,57.66,73.99,1.12
Newport,100,GB,1584841870,81,51.59,-3.0,41.0,11.41
Tuy Hoa,18,VN,1584841918,70,13.08,109.3,79.63,2.37
Vestmanna,100,FO,1584841918,86,62.16,-7.17,37.4,20.8
Solo,35,PH,1584841918,80,13.75,120.9,82.99,4.0
Santa Cruz de la Sierra,0,BO,1584841757,73,-17.8,-63.17,75.2,3.36
Manchester,40,GB,1584841620,86,53.48,-2.24,39.0,6.93
Ust-Nera,0,RU,1584841918,72,64.57,143.2,2.59,1.97
Wajir,100,KE,1584841744,71,1.75,40.06,79.81,12.82
Katangli,100,RU,1584841918,90,51.71,143.23,25.63,10.92
Nuevitas,0,CU,1584841919,88,21.55,-77.26,73.4,10.29
Gravelbourg,75,CA,1584841919,88,49.88,-106.55,19.33,6.2
Mandera,0,KE,1584841826,18,3.94,41.87,75.99,11.41
Jacareacanga,100,BR,1584841919,97,-6.22,-57.75,72.79,1.12
Barra de Tecoanapa,0,MX,1584841919,88,16.52,-98.75,74.59,2.89
Dalvik,75,IS,1584841919,63,65.97,-18.53,30.2,35.57
Cayenne,20,GF,1584841919,94,4.93,-52.33,75.2,4.99
Havelock,90,US,1584841919,81,34.88,-76.9,57.99,17.22
Asău,100,RO,1584841919,93,46.43,26.4,37.4,12.75
Sorong,100,ID,1584841757,96,-0.88,131.25,78.73,2.89
Vila do Maio,20,CV,1584841857,77,15.13,-23.22,69.8,14.99
Yerbogachën,79,RU,1584841920,93,61.28,108.01,18.79,6.11
Dmitriyevskoye,100,RU,1584841921,88,45.81,41.9,42.37,5.14
Linqiong,40,CN,1584841921,88,30.42,103.46,66.0,4.47
Chizhou,100,CN,1584841921,86,30.66,117.48,67.03,8.39
Ayan,100,RU,1584841921,68,56.45,138.17,22.57,9.57
Fairbanks,90,US,1584841803,80,64.84,-147.72,33.8,5.82
Timon,75,BR,1584841922,88,-5.09,-42.84,77.0,9.17
Coahuayana Viejo,5,MX,1584841922,65,18.73,-103.68,78.8,2.44
Imbituba,20,BR,1584841922,88,-28.24,-48.67,69.8,3.36
Ambilobe,0,MG,1584841702,89,-13.2,49.05,72.07,6.69
Kruisfontein,0,ZA,1584841922,91,-34.0,24.73,58.39,3.11
Finschhafen,100,PG,1584841922,75,-6.6,147.87,83.59,11.7
Constantine,90,DZ,1584841685,93,36.37,6.61,48.2,9.17
Whitianga,20,NZ,1584841733,74,-36.83,175.7,75.0,4.0
Krasnosel'kup,28,RU,1584841923,95,65.7,82.47,-9.29,8.7
Pevek,100,RU,1584841923,71,69.7,170.31,-0.11,11.16
Miyazu,75,JP,1584841923,52,35.53,135.18,64.4,3.36
Cherniakhiv,100,UA,1584841923,72,50.46,28.67,31.93,13.31
Mezen',0,RU,1584841923,89,65.85,44.24,15.55,10.16
São Filipe,17,CV,1584841923,81,14.9,-24.5,69.19,16.2
Presidencia Roque Sáenz Peña,0,AR,1584841923,55,-26.79,-60.44,67.21,3.53
Taoudenni,0,ML,1584841923,16,22.68,-3.98,65.05,6.42
Nouadhibou,1,MR,1584841924,72,20.93,-17.03,62.6,25.28
Wanning,0,CN,1584841924,69,18.8,110.4,81.43,13.49
Safi,33,MA,1584841924,89,32.3,-9.24,50.65,5.53
San Miguel de Tucumán,0,AR,1584841837,78,-26.82,-65.22,73.4,3.36
Vestmannaeyjar,100,IS,1584841924,63,63.44,-20.27,38.05,27.4
Angoram,100,PG,1584841924,50,-4.06,144.07,94.93,0.43
Torbay,20,CA,1584841924,68,47.67,-52.73,27.0,38.03
Port-Gentil,92,GA,1584841924,75,-0.72,8.78,81.61,2.84
Saint-Leu,28,RE,1584841924,68,-21.15,55.28,75.2,6.93
Hue,75,VN,1584841925,78,16.47,107.6,80.6,2.24
Dali,0,CN,1584841925,37,25.7,100.18,63.07,5.19
Mâncio Lima,100,BR,1584841925,93,-7.61,-72.9,73.69,0.25
Kenai,90,US,1584841925,97,60.55,-151.26,36.0,4.7
Saint-Augustin,100,CA,1584841925,77,51.23,-58.65,8.89,16.33
Puri,20,IN,1584841925,88,19.8,85.85,75.2,8.16
San Cristobal,20,VE,1584841925,73,7.77,-72.22,77.0,2.24
Kavaratti,86,IN,1584841925,63,10.57,72.64,83.41,7.7
Itaituba,86,BR,1584841925,97,-4.28,-55.98,72.43,1.41
Bara,0,NG,1584841926,14,10.37,10.73,75.31,3.94
Sioux Lookout,20,CA,1584841926,26,50.1,-91.92,24.8,3.36
Dawlatabad,67,AF,1584841926,65,36.41,64.91,58.75,18.32
Fukuechō,75,JP,1584841926,93,32.69,128.84,62.6,2.24
Piracanjuba,98,BR,1584841927,96,-17.3,-49.02,68.83,5.26
Kavieng,100,PG,1584841928,64,-2.57,150.8,85.21,1.88
Umm Kaddadah,100,SD,1584841928,15,13.6,26.69,70.27,8.41
Kaeo,1,NZ,1584841928,74,-35.1,173.78,73.0,7.0
Aykhal,0,RU,1584841928,58,66.0,111.5,-4.0,8.95
Flinders,0,AU,1584841928,34,-34.58,150.86,80.01,5.82
Olinda,40,BR,1584841928,74,-8.01,-34.86,84.2,3.36
Esna,0,EG,1584841928,50,25.29,32.55,46.51,2.91
Bāfq,52,IR,1584841928,59,31.61,55.41,60.55,13.73
Coyhaique,100,CL,1584841928,87,-45.58,-72.07,55.4,10.29
Salinas,40,US,1584841929,71,36.68,-121.66,61.0,8.05
Borazjan,40,IR,1584841929,60,29.27,51.22,71.6,20.8
Churapcha,52,RU,1584841929,83,62.0,132.43,20.05,4.38
Codrington,32,AU,1584841929,74,-38.27,141.97,58.57,20.29
Voskresenskoye,0,RU,1584841929,64,56.84,45.43,21.49,6.35
Bontang,100,ID,1584841665,77,0.13,117.5,80.89,6.51
Zheleznodorozhnyy,0,RU,1584841930,67,55.75,38.0,25.0,8.95
Esperance,90,AU,1584841930,100,-33.87,121.9,62.6,14.99
Raudeberg,100,NO,1584841930,82,61.99,5.14,39.99,29.97
Remedios,20,CU,1584841930,78,22.49,-79.55,73.4,11.41
Meulaboh,70,ID,1584841930,78,4.14,96.13,81.79,6.8
New Norfolk,40,AU,1584841930,76,-42.78,147.06,59.0,16.11
Massakory,18,TD,1584841930,14,13.0,15.73,78.91,9.53
Tabou,50,CI,1584841930,92,4.42,-7.35,76.57,2.13
Moyale,29,KE,1584841930,79,3.52,39.06,70.99,9.48
Iquique,58,CL,1584841931,64,-20.22,-70.14,75.2,6.93
Mahdasht,75,IR,1584841931,70,35.73,50.81,48.2,4.7
Torbat-e Jām,100,IR,1584841931,71,35.24,60.62,51.19,0.78
Purgstall,100,AT,1584841931,66,48.06,15.13,34.0,1.99
Ajdabiya,6,LY,1584841931,49,30.76,20.23,61.63,21.85
Severobaykal'sk,58,RU,1584841931,89,55.65,109.32,24.19,1.9
Altar,48,MX,1584841933,43,30.7,-111.82,68.0,5.99
Two Rivers,90,US,1584841933,68,44.15,-87.57,26.01,4.7
Uyar,100,RU,1584841933,84,55.81,94.32,38.41,4.88
Poum,0,NC,1584841933,75,-20.23,164.02,79.63,20.96
Cabo San Lucas,20,MX,1584841819,68,22.89,-109.91,71.6,8.05
Lerwick,100,GB,1584841934,74,60.15,-1.15,42.8,29.97
Dukat,100,RU,1584841934,91,62.55,155.55,7.99,4.34
Shenzhen,20,CN,1584841656,83,22.55,114.07,77.0,4.47
Zyryanka,100,RU,1584841934,63,65.75,150.85,9.61,3.56
Port Blair,0,IN,1584841934,64,11.67,92.75,81.79,6.96
Kahului,40,US,1584841855,58,20.89,-156.47,82.4,19.46
Kohima,1,IN,1584841934,35,25.67,94.12,67.39,1.99
Ushtobe,100,KZ,1584841934,71,45.25,77.98,51.91,7.05
Bilibino,100,RU,1584841934,61,68.05,166.44,2.59,2.93
Buenaventura,0,CO,1584841930,95,3.88,-77.03,73.33,0.78
San Matías,100,BO,1584841935,94,-16.37,-58.4,74.59,4.0
Greenville,90,US,1584841935,81,35.61,-77.37,55.4,9.17
‘Ewa Beach,90,US,1584841935,94,21.32,-158.01,82.4,5.82
Bokoro,100,TD,1584841935,14,12.38,17.06,78.73,8.7
Maţāy,0,EG,1584841935,57,28.42,30.78,53.71,7.7
Pavlodar,90,KZ,1584841936,69,52.3,76.95,37.4,24.61
Faanui,3,PF,1584841936,68,-16.48,-151.75,84.31,8.48
Manakara,100,MG,1584841936,94,-22.13,48.02,73.51,2.75
Mobaye,99,CF,1584841936,97,4.32,21.18,68.65,0.89
Tawang Town,0,IN,1584841938,55,27.58,91.87,40.75,2.28
Kabinda,100,CD,1584841938,98,-6.13,24.48,66.31,3.6
Puerto del Rosario,40,ES,1584841938,63,28.5,-13.86,62.6,12.75
Sitka,90,US,1584841938,86,57.05,-135.33,39.2,5.82
Stornoway,100,GB,1584841938,81,58.21,-6.39,42.8,23.04
Ngerengere,28,TZ,1584841938,94,-6.75,38.12,72.25,1.9
Cauquenes,100,CL,1584841938,92,-35.97,-72.32,45.25,2.19
Tomatlán,31,MX,1584841939,73,19.93,-105.25,70.27,0.89
Campeche,69,MX,1584841797,75,19.0,-90.5,74.59,1.25
Mareeba,75,AU,1584841939,83,-17.0,145.43,80.6,12.75
St. George's,20,GD,1584841912,78,12.06,-61.75,78.8,10.29
Gambat,97,PK,1584841940,29,27.35,68.52,81.07,13.15
Hinatuan,0,PH,1584841940,76,8.37,126.33,81.43,8.32
Kiryat Gat,20,IL,1584841940,81,31.61,34.76,50.0,5.82
Mumford,7,GH,1584841940,88,5.26,-0.76,78.01,3.04
Perelyub,21,RU,1584841940,82,51.87,50.37,30.49,6.4
Westport,1,US,1584841940,28,41.14,-73.36,46.4,12.75
Jhelum,0,PK,1584841876,60,32.93,73.73,65.23,4.97
Bose,90,IT,1584841940,66,45.46,8.01,55.0,5.82
Shanhecun,33,CN,1584841941,40,44.7,127.2,38.95,13.09
Farafangana,100,MG,1584841941,74,-22.82,47.83,78.37,14.05
Edéa,75,CM,1584841941,94,3.8,10.13,80.6,2.24
Namatanai,100,PG,1584841941,67,-3.67,152.43,84.85,2.93
Pirovskoye,100,RU,1584841941,83,57.63,92.27,35.71,10.47
Hobyo,30,SO,1584841941,78,5.35,48.53,80.89,6.17
Tomohon,40,ID,1584841941,83,1.33,124.84,80.6,3.36
Iaçu,99,BR,1584841941,86,-12.77,-40.21,71.53,1.07
Bonavista,0,CA,1584841941,70,48.65,-53.11,26.01,18.99
Parakai,0,NZ,1584841942,57,-36.65,174.43,77.0,14.99
Srednekolymsk,43,RU,1584841942,75,67.45,153.68,10.33,8.08
Sokna,0,NO,1584841942,79,60.24,9.92,30.99,3.09
Beruwala,100,LK,1584841942,70,6.48,79.98,79.99,3.76
Grindavik,40,IS,1584841942,86,63.84,-22.43,30.2,26.4
Hervey Bay,40,AU,1584841942,51,-25.3,152.85,84.2,8.05
Esim,0,GH,1584841943,90,4.87,-2.24,78.01,2.48
Cabildo,69,AR,1584841943,66,-38.48,-61.9,70.0,4.0
Makrakomi,92,GR,1584841943,87,38.93,22.12,46.4,4.7
Maumere,100,ID,1584841706,81,-8.62,122.21,80.71,4.54
Vuktyl,99,RU,1584841944,96,63.86,57.31,7.45,4.47
Naze,75,JP,1584841944,94,28.37,129.48,71.6,34.45
Kalmunai,100,LK,1584841944,67,7.42,81.82,80.35,1.14
Udarnyy,0,RU,1584841944,63,54.34,42.86,24.73,9.1
Jala,75,MX,1584841945,64,21.08,-104.43,75.2,6.93
Ngong,20,KE,1584841945,93,-1.36,36.66,60.8,6.93
Hualmay,90,PE,1584841945,73,-11.1,-77.61,70.81,1.97
Rawson,94,AR,1584841945,51,-43.3,-65.1,68.83,7.92
Kindu,98,CD,1584841945,99,-2.95,25.95,68.83,2.48
Moerai,100,PF,1584841945,79,-22.43,-151.33,79.45,5.75
Svetlaya,17,RU,1584841945,70,46.54,138.33,34.09,5.86
Parkes,84,AU,1584841945,22,-33.13,148.18,84.0,11.23
Meybod,20,IR,1584841945,71,32.25,54.02,51.8,9.17
Adeje,75,ES,1584841946,59,28.12,-16.73,62.6,4.7
Kachug,88,RU,1584841946,87,53.96,105.88,29.77,3.29
Ribeira Brava,20,PT,1584841946,66,32.65,-17.07,57.0,1.12
Sabang,63,ID,1584841946,67,5.89,95.32,84.13,9.22
Aksarka,87,RU,1584841946,80,66.56,67.8,-0.47,2.84
Ulety,0,RU,1584841946,47,51.36,112.48,35.53,11.05
Deloraine,75,AU,1584841946,48,-41.53,146.67,66.99,8.05
Ilulissat,33,GL,1584841946,71,69.22,-51.1,5.0,9.17
Okha,100,RU,1584841946,91,53.57,142.95,23.65,14.41
Luangwa,100,ZM,1584841946,82,-15.62,30.42,70.81,2.21
Wufeng,100,CN,1584841947,76,27.45,104.83,56.77,4.85
Marzuq,26,YE,1584841947,79,14.4,46.47,66.31,3.89
Iwanuma,75,JP,1584841709,75,38.1,140.86,53.01,3.36
Erdenet,0,MN,1584841947,34,49.03,104.08,37.87,4.56
Great Yarmouth,0,GB,1584841947,74,52.61,1.73,42.01,8.05
Nome,90,US,1584841947,87,64.5,-165.41,14.0,9.17
Deniliquin,0,AU,1584841839,49,-35.53,144.97,71.01,8.01
Biloela,58,AU,1584841947,34,-24.42,150.5,88.45,7.0
Cairns,75,AU,1584841947,83,-16.92,145.77,80.6,12.75
Tyrma,41,RU,1584841948,60,50.08,132.17,30.13,6.87
Muli,96,MV,1584841948,70,2.92,73.57,84.49,8.79
Atar,75,MR,1584841948,32,20.52,-13.05,61.27,7.81
Tura,100,IN,1584841948,29,25.52,90.22,81.61,4.45
Talara,71,PE,1584841949,85,-4.58,-81.27,76.75,5.88
Rocky Mountain House,98,CA,1584841949,87,52.37,-114.92,24.55,2.75
Mossamedes,21,AO,1584841949,81,-15.2,12.15,73.15,6.4
Jalu,58,LY,1584841949,22,29.03,21.55,62.89,16.49
Murdochville,100,CA,1584841882,87,48.96,-65.5,2.05,17.0
Pisco,40,PE,1584841950,78,-13.7,-76.22,75.2,6.93
Auray,90,FR,1584841950,81,47.67,-2.99,48.0,18.34
Shingū,75,JP,1584841950,82,33.73,135.98,64.4,11.41
Petrolina,95,BR,1584841950,94,-9.4,-40.5,77.0,3.36
Mayo,90,US,1584841768,49,38.89,-76.51,51.01,5.82
Port Macquarie,0,AU,1584841950,57,-31.43,152.92,86.0,5.82
Ullapool,93,GB,1584841950,84,57.9,-5.16,39.99,1.99
Llanelli,100,GB,1584841950,69,51.68,-4.16,39.99,9.17
Kuching,40,MY,1584841950,100,1.55,110.33,77.0,2.24
Río Gallegos,75,AR,1584841951,76,-51.62,-69.22,51.8,13.87
Tricase,40,IT,1584841951,93,39.93,18.36,53.01,6.93
Zabid,65,YE,1584841951,81,14.2,43.32,78.01,4.7
Rassvet,100,RU,1584841951,80,46.83,40.75,44.53,7.0
Cap Malheureux,20,MU,1584841951,88,-19.98,57.61,73.99,1.12
Solenzo,68,BF,1584841951,48,12.18,-4.08,85.57,4.43
Banepā,20,NP,1584841951,87,27.63,85.52,51.8,2.24
Matara,100,LK,1584841952,65,5.95,80.54,81.07,6.38
Yulara,22,AU,1584841952,17,-25.24,130.99,89.6,18.34
Sokolac,100,BA,1584841802,95,43.94,18.8,38.23,5.1
Roald,91,NO,1584841952,56,62.58,6.13,41.0,14.99
Comodoro Rivadavia,100,AR,1584841952,40,-45.87,-67.5,71.6,24.16
Revelstoke,20,CA,1584841850,36,50.98,-118.2,48.2,8.05
Madaoua,92,NE,1584841953,11,14.07,5.96,76.57,2.89
Haapiti,75,PF,1584841953,66,-17.57,-149.87,86.0,12.75
Saint Stephen,86,GB,1584841953,75,50.33,-4.9,48.0,12.75
Oranjemund,11,NA,1584841953,95,-28.55,16.43,58.03,6.82
Huarmey,90,PE,1584841953,73,-10.07,-78.15,71.17,0.83
Xinyang,76,CN,1584841953,62,32.12,114.07,61.81,11.65
São João da Barra,100,BR,1584841953,84,-21.64,-41.05,76.57,14.18
Ponta Delgada,40,PT,1584841953,62,37.73,-25.67,53.6,14.99
Kostanay,75,KZ,1584841953,92,53.17,63.58,28.4,8.95
Gornyy,100,RU,1584841954,100,55.12,83.91,35.89,19.22
Angoche,45,MZ,1584841954,92,-16.23,39.91,70.63,4.68
La Ronge,75,CA,1584841954,50,55.1,-105.28,30.2,11.41
Mahibadhoo,41,MV,1584841954,71,3.78,72.97,83.41,9.8
Auki,100,SB,1584841954,72,-8.77,160.7,85.39,8.43
Torquay,93,GB,1584841954,86,50.46,-3.51,46.0,19.08
Road Town,20,VG,1584841919,74,18.42,-64.62,78.8,10.29
Turukhansk,60,RU,1584841954,93,65.82,87.98,-4.97,3.58
Virovitica,100,HR,1584841954,80,45.83,17.38,41.0,6.35
Yelovo,22,RU,1584841955,75,57.05,54.92,16.63,10.85
Chikwawa,65,MW,1584841955,94,-16.03,34.8,63.07,4.45
Santa Vitória do Palmar,0,BR,1584841956,77,-33.52,-53.37,65.77,6.24
Sinnamary,1,GF,1584841957,79,5.38,-52.95,79.99,14.58
Ostrovnoy,93,RU,1584841957,91,68.05,39.51,16.81,12.86
Makkah al Mukarramah,0,SA,1584841772,51,21.43,39.83,62.17,5.23
Tahe,0,CN,1584841959,55,52.33,124.73,26.53,8.79
Shādegān,75,IR,1584841959,72,30.65,48.66,62.6,18.34
San Quintín,100,MX,1584841959,72,30.48,-115.95,58.93,11.23
Socorro,1,US,1584841959,22,31.65,-106.3,71.6,5.82
Onguday,85,RU,1584841959,70,50.75,86.15,26.71,14.76
Darhan,0,MN,1584841959,35,49.49,105.92,41.29,8.5
Goroka,83,PG,1584841960,91,-6.08,145.39,67.75,4.41
Mana,10,GF,1584841960,95,5.66,-53.78,73.15,2.68
Gualaquiza,99,EC,1584841960,98,-3.4,-78.55,62.53,1.34
Puerto Maldonado,94,PE,1584841960,99,-12.6,-69.18,71.89,0.81
Kudahuvadhoo,100,MV,1584841961,73,2.67,72.89,83.95,10.58
Bandar-e Lengeh,24,IR,1584841962,86,26.56,54.88,71.53,23.49
Birin,100,NP,1584841962,69,26.89,88.07,52.99,1.77
Gusinoye Ozero,100,RU,1584841963,57,51.11,106.26,36.43,4.0
San Ramon,90,US,1584841963,82,37.78,-121.98,64.4,6.93
Wilmington Island,1,US,1584841963,78,32.0,-80.97,75.2,4.7
Padang,66,ID,1584841963,78,-0.95,100.35,79.63,2.01
Port Moresby,40,PG,1584841963,74,-9.44,147.18,87.8,2.24
Chumikan,100,RU,1584841963,55,54.72,135.31,27.25,10.38
Verkh-Usugli,0,RU,1584841963,40,52.7,115.17,35.17,7.05
Havre-St-Pierre,1,CA,1584841963,46,50.23,-63.6,8.6,17.22
Lundamo,79,NO,1584841964,68,63.13,10.3,30.0,12.75
Brae,100,GB,1584841965,74,60.4,-1.35,42.8,24.16
General Roca,32,AR,1584841683,63,-39.03,-67.58,62.6,3.36
Talcahuano,100,CL,1584841965,63,-36.72,-73.12,60.8,6.93
Excelsior Springs,1,US,1584841965,56,39.34,-94.23,44.01,4.7
Tulsīpur,0,NP,1584841965,73,28.13,82.3,78.01,1.92
Kunfehértó,80,HU,1584841965,64,46.36,19.41,39.99,6.93
Aldan,91,RU,1584841965,81,58.6,125.39,16.27,4.76
Banda Aceh,84,ID,1584841818,54,5.56,95.32,85.39,5.26
Okitipupa,51,NG,1584841966,94,6.5,4.78,76.93,1.16
Kemin,98,KG,1584841966,77,42.78,75.69,38.05,3.13
Touros,20,BR,1584841966,88,-5.2,-35.46,77.0,3.36
Linkou,0,CN,1584841966,42,45.3,130.28,34.09,12.71
Ambulu,28,ID,1584841966,68,-8.35,113.61,82.51,0.98
Kieta,98,PG,1584841966,71,-6.22,155.63,85.03,8.28
General José Eduvigis Díaz,0,PY,1584841966,60,-27.17,-58.42,73.4,6.93
Oktyabr'skiy,100,RU,1584841967,89,54.48,53.47,22.93,7.02
Antofagasta,2,CL,1584841967,82,-23.65,-70.4,64.4,4.7
Ardakān,20,IR,1584841967,71,32.31,54.02,51.8,9.17
Isheyevka,75,RU,1584841967,79,54.42,48.27,24.8,6.71
